{
    "loss": 0.8416250944137573,
    "accuracy": 0.9083665609359741
}