{
    "loss": 1.5142821073532104,
    "accuracy": 0.8087649345397949
}