{
    "loss": 1.5716148614883423,
    "accuracy": 0.8760342597961426
}